day,emissions
2018-06-27,9583.995675912
2018-06-28,9581.699351584
2018-06-29,9579.403577455
2018-06-30,9577.108353393
2018-07-01,9574.813679267
2018-07-02,9572.519554944
2018-07-03,9570.225980294
2018-07-04,9567.932955184
2018-07-05,9565.640479482
2018-07-06,9563.348553057
2018-07-07,9561.057175778
2018-07-08,9558.766347512
2018-07-09,9556.476068128
2018-07-10,9554.186337496
2018-07-11,9551.897155482
2018-07-12,9549.608521956
2018-07-13,9547.320436786
2018-07-14,9545.032899842
2018-07-15,9542.745910991
2018-07-16,9540.459470102
2018-07-17,9538.173577045
2018-07-18,9535.888231686
2018-07-19,9533.603433897
2018-07-20,9531.319183545
2018-07-21,9529.035480499
2018-07-22,9526.752324628
2018-07-23,9524.469715801
2018-07-24,9522.187653887
2018-07-25,9519.906138754
2018-07-26,9517.625170272
2018-07-27,9515.344748310
2018-07-28,9513.064872738
2018-07-29,9510.785543422
2018-07-30,9508.506760234
2018-07-31,9506.228523042
2018-08-01,9503.950831716
2018-08-02,9501.673686124
2018-08-03,9499.397086136
2018-08-04,9497.121031621
2018-08-05,9494.845522448
2018-08-06,9492.570558488
2018-08-07,9490.296139608
2018-08-08,9488.022265679
2018-08-09,9485.748936570
2018-08-10,9483.476152150
2018-08-11,9481.203912289
2018-08-12,9478.932216856
2018-08-13,9476.661065722
2018-08-14,9474.390458756
2018-08-15,9472.120395825
2018-08-16,9469.850876803
2018-08-17,9467.581901556
2018-08-18,9465.313469956
2018-08-19,9463.045581872
2018-08-20,9460.778237174
2018-08-21,9458.511435730
2018-08-22,9456.245177414
2018-08-23,9453.979462090
2018-08-24,9451.714289634
2018-08-25,9449.449659912
2018-08-26,9447.185572795
2018-08-27,9444.922028152
2018-08-28,9442.659025856
2018-08-29,9440.396565774
2018-08-30,9438.134647777
2018-08-31,9435.873271736
2018-09-01,9433.612437520
2018-09-02,9431.352145000
2018-09-03,9429.092394046
2018-09-04,9426.833184527
2018-09-05,9424.574516315
2018-09-06,9422.316389280
2018-09-07,9420.058803292
2018-09-08,9417.801758220
2018-09-09,9415.545253938
2018-09-10,9413.289290312
2018-09-11,9411.033867217
2018-09-12,9408.778984518
2018-09-13,9406.524642092
2018-09-14,9404.270839804
2018-09-15,9402.017577527
2018-09-16,9399.764855132
2018-09-17,9397.512672489
2018-09-18,9395.261029469
2018-09-19,9393.009925941
2018-09-20,9390.759361779
2018-09-21,9388.509336851
2018-09-22,9386.259851029
2018-09-23,9384.010904183
2018-09-24,9381.762496184
2018-09-25,9379.514626905
2018-09-26,9377.267296214
2018-09-27,9375.020503984
2018-09-28,9372.774250085
2018-09-29,9370.528534387
2018-09-30,9368.283356763
2018-10-01,9366.038717084
2018-10-02,9363.794615220
2018-10-03,9361.551051042
2018-10-04,9359.308024423
2018-10-05,9357.065535231
2018-10-06,9354.823583341
2018-10-07,9352.582168622
2018-10-08,9350.341290945
2018-10-09,9348.100950182
2018-10-10,9345.861146205
2018-10-11,9343.621878885
2018-10-12,9341.383148093
2018-10-13,9339.144953701
2018-10-14,9336.907295579
2018-10-15,9334.670173600
2018-10-16,9332.433587636
2018-10-17,9330.197537557
2018-10-18,9327.962023236
2018-10-19,9325.727044543
2018-10-20,9323.492601352
2018-10-21,9321.258693532
2018-10-22,9319.025320957
2018-10-23,9316.792483498
2018-10-24,9314.560181025
2018-10-25,9312.328413413
2018-10-26,9310.097180532
2018-10-27,9307.866482254
2018-10-28,9305.636318451
2018-10-29,9303.406688995
2018-10-30,9301.177593758
2018-10-31,9298.949032613
2018-11-01,9296.721005429
2018-11-02,9294.493512081
2018-11-03,9292.266552440
2018-11-04,9290.040126379
2018-11-05,9287.814233769
2018-11-06,9285.588874483
2018-11-07,9283.364048392
2018-11-08,9281.139755370
2018-11-09,9278.915995287
2018-11-10,9276.692768019
2018-11-11,9274.470073433
2018-11-12,9272.247911407
2018-11-13,9270.026281810
2018-11-14,9267.805184514
2018-11-15,9265.584619395
2018-11-16,9263.364586321
2018-11-17,9261.145085167
2018-11-18,9258.926115807
2018-11-19,9256.707678109
2018-11-20,9254.489771951
2018-11-21,9252.272397202
2018-11-22,9250.055553736
2018-11-23,9247.839241425
2018-11-24,9245.623460142
2018-11-25,9243.408209761
2018-11-26,9241.193490153
2018-11-27,9238.979301192
2018-11-28,9236.765642750
2018-11-29,9234.552514701
2018-11-30,9232.339916916
2018-12-01,9230.127849270
2018-12-02,9227.916311636
2018-12-03,9225.705303884
2018-12-04,9223.494825892
2018-12-05,9221.284877528
2018-12-06,9219.075458668
2018-12-07,9216.866569185
2018-12-08,9214.658208951
2018-12-09,9212.450377840
2018-12-10,9210.243075726
2018-12-11,9208.036302481
2018-12-12,9205.830057978
2018-12-13,9203.624342091
2018-12-14,9201.419154693
2018-12-15,9199.214495659
2018-12-16,9197.010364861
2018-12-17,9194.806762171
2018-12-18,9192.603687465
2018-12-19,9190.401140615
2018-12-20,9188.199121495
2018-12-21,9185.997629979
2018-12-22,9183.796665940
2018-12-23,9181.596229251
2018-12-24,9179.396319788
2018-12-25,9177.196937421
2018-12-26,9174.998082028
2018-12-27,9172.799753479
2018-12-28,9170.601951649
2018-12-29,9168.404676414
2018-12-30,9166.207927644
2018-12-31,9164.011705215
2019-01-01,9161.816009001
2019-01-02,9159.620838877
2019-01-03,9157.426194713
2019-01-04,9155.232076387
2019-01-05,9153.038483771
2019-01-06,9150.845416740
2019-01-07,9148.652875167
2019-01-08,9146.460858928
2019-01-09,9144.269367894
2019-01-10,9142.078401942
2019-01-11,9139.887960946
2019-01-12,9137.698044778
2019-01-13,9135.508653314
2019-01-14,9133.319786429
2019-01-15,9131.131443995
2019-01-16,9128.943625888
2019-01-17,9126.756331983
2019-01-18,9124.569562151
2019-01-19,9122.383316272
2019-01-20,9120.197594214
2019-01-21,9118.012395857
2019-01-22,9115.827721073
2019-01-23,9113.643569736
2019-01-24,9111.459941722
2019-01-25,9109.276836905
2019-01-26,9107.094255159
2019-01-27,9104.912196361
2019-01-28,9102.730660382
2019-01-29,9100.549647101
2019-01-30,9098.369156388
2019-01-31,9096.189188123
2019-02-01,9094.009742176
2019-02-02,9091.830818425
2019-02-03,9089.652416744
2019-02-04,9087.474537007
2019-02-05,9085.297179091
2019-02-06,9083.120342869
2019-02-07,9080.944028216
2019-02-08,9078.768235009
2019-02-09,9076.592963121
2019-02-10,9074.418212429
2019-02-11,9072.243982806
2019-02-12,9070.070274128
2019-02-13,9067.897086271
2019-02-14,9065.724419109
2019-02-15,9063.552272519
2019-02-16,9061.380646374
2019-02-17,9059.209540551
2019-02-18,9057.038954924
2019-02-19,9054.868889369
2019-02-20,9052.699343763
2019-02-21,9050.530317978
2019-02-22,9048.361811893
2019-02-23,9046.193825380
2019-02-24,9044.026358318
2019-02-25,9041.859410580
2019-02-26,9039.692982043
2019-02-27,9037.527072581
2019-02-28,9035.361682072
2019-03-01,9033.196810390
2019-03-02,9031.032457410
2019-03-03,9028.868623010
2019-03-04,9026.705307064
2019-03-05,9024.542509448
2019-03-06,9022.380230038
2019-03-07,9020.218468711
2019-03-08,9018.057225340
2019-03-09,9015.896499805
2019-03-10,9013.736291977
2019-03-11,9011.576601737
2019-03-12,9009.417428956
2019-03-13,9007.258773515
2019-03-14,9005.100635286
2019-03-15,9002.943014148
2019-03-16,9000.785909975
2019-03-17,8998.629322643
2019-03-18,8996.473252031
2019-03-19,8994.317698012
2019-03-20,8992.162660464
2019-03-21,8990.008139262
2019-03-22,8987.854134284
2019-03-23,8985.700645406
2019-03-24,8983.547672502
2019-03-25,8981.395215450
2019-03-26,8979.243274128
2019-03-27,8977.091848411
2019-03-28,8974.940938173
2019-03-29,8972.790543296
2019-03-30,8970.640663651
2019-03-31,8968.491299117
2019-04-01,8966.342449572
2019-04-02,8964.194114891
2019-04-03,8962.046294949
2019-04-04,8959.898989626
2019-04-05,8957.752198797
2019-04-06,8955.605922338
2019-04-07,8953.460160127
2019-04-08,8951.314912041
2019-04-09,8949.170177956
2019-04-10,8947.025957748
2019-04-11,8944.882251296
2019-04-12,8942.739058476
2019-04-13,8940.596379164
2019-04-14,8938.454213238
2019-04-15,8936.312560575
2019-04-16,8934.171421051
2019-04-17,8932.030794545
2019-04-18,8929.890680932
2019-04-19,8927.751080090
2019-04-20,8925.611991896
2019-04-21,8923.473416228
2019-04-22,8921.335352962
2019-04-23,8919.197801976
2019-04-24,8917.060763147
2019-04-25,8914.924236352
2019-04-26,8912.788221468
2019-04-27,8910.652718375
2019-04-28,8908.517726946
2019-04-29,8906.383247061
2019-04-30,8904.249278599
2019-05-01,8902.115821434
2019-05-02,8899.982875446
2019-05-03,8897.850440510
2019-05-04,8895.718516507
2019-05-05,8893.587103312
2019-05-06,8891.456200804
2019-05-07,8889.325808859
2019-05-08,8887.195927356
2019-05-09,8885.066556173
2019-05-10,8882.937695186
2019-05-11,8880.809344275
2019-05-12,8878.681503316
2019-05-13,8876.554172188
2019-05-14,8874.427350767
2019-05-15,8872.301038934
2019-05-16,8870.175236564
2019-05-17,8868.049943536
2019-05-18,8865.925159728
2019-05-19,8863.800885018
2019-05-20,8861.677119285
2019-05-21,8859.553862405
2019-05-22,8857.431114257
2019-05-23,8855.308874719
2019-05-24,8853.187143671
2019-05-25,8851.065920988
2019-05-26,8848.945206550
2019-05-27,8846.825000235
2019-05-28,8844.705301921
2019-05-29,8842.586111487
2019-05-30,8840.467428811
2019-05-31,8838.349253771
2019-06-01,8836.231586244
2019-06-02,8834.114426112
2019-06-03,8831.997773251
2019-06-04,8829.881627538
2019-06-05,8827.765988856
2019-06-06,8825.650857078
2019-06-07,8823.536232088
2019-06-08,8821.422113760
2019-06-09,8819.308501975
2019-06-10,8817.195396611
2019-06-11,8815.082797548
2019-06-12,8812.970704662
2019-06-13,8810.859117834
2019-06-14,8808.748036942
2019-06-15,8806.637461865
2019-06-16,8804.527392480
2019-06-17,8802.417828670
2019-06-18,8800.308770309
2019-06-19,8798.200217279
2019-06-20,8796.092169458
2019-06-21,8793.984626725
2019-06-22,8791.877588959
2019-06-23,8789.771056040
2019-06-24,8787.665027844
2019-06-25,8785.559504254
2019-06-26,8783.454485146
2019-06-27,8781.349970401
2019-06-28,8779.245959898
2019-06-29,8777.142453515
2019-06-30,8775.039451131
2019-07-01,8772.936952628
2019-07-02,8770.834957882
2019-07-03,8768.733466775
2019-07-04,8766.632479183
2019-07-05,8764.531994990
2019-07-06,8762.432014071
2019-07-07,8760.332536307
2019-07-08,8758.233561579
2019-07-09,8756.135089764
2019-07-10,8754.037120744
2019-07-11,8751.939654395
2019-07-12,8749.842690601
2019-07-13,8747.746229237
2019-07-14,8745.650270187
2019-07-15,8743.554813328
2019-07-16,8741.459858539
2019-07-17,8739.365405702
2019-07-18,8737.271454696
2019-07-19,8735.178005400
2019-07-20,8733.085057694
2019-07-21,8730.992611458
2019-07-22,8728.900666572
2019-07-23,8726.809222917
2019-07-24,8724.718280370
2019-07-25,8722.627838813
2019-07-26,8720.537898125
2019-07-27,8718.448458188
2019-07-28,8716.359518880
2019-07-29,8714.271080082
2019-07-30,8712.183141673
2019-07-31,8710.095703534
2019-08-01,8708.008765544
2019-08-02,8705.922327586
2019-08-03,8703.836389538
2019-08-04,8701.750951279
2019-08-05,8699.666012692
2019-08-06,8697.581573656
2019-08-07,8695.497634051
2019-08-08,8693.414193758
2019-08-09,8691.331252657
2019-08-10,8689.248810629
2019-08-11,8687.166867553
2019-08-12,8685.085423310
2019-08-13,8683.004477782
2019-08-14,8680.924030847
2019-08-15,8678.844082388
2019-08-16,8676.764632285
2019-08-17,8674.685680416
2019-08-18,8672.607226665
2019-08-19,8670.529270911
2019-08-20,8668.451813035
2019-08-21,8666.374852918
2019-08-22,8664.298390440
2019-08-23,8662.222425482
2019-08-24,8660.146957925
2019-08-25,8658.071987651
2019-08-26,8655.997514538
2019-08-27,8653.923538469
2019-08-28,8651.850059325
2019-08-29,8649.777076987
2019-08-30,8647.704591333
2019-08-31,8645.632602248
2019-09-01,8643.561109612
2019-09-02,8641.490113304
2019-09-03,8639.419613207
2019-09-04,8637.349609201
2019-09-05,8635.280101169
2019-09-06,8633.211088991
2019-09-07,8631.142572546
2019-09-08,8629.074551719
2019-09-09,8627.007026390
2019-09-10,8624.939996438
2019-09-11,8622.873461748
2019-09-12,8620.807422199
2019-09-13,8618.741877672
2019-09-14,8616.676828049
2019-09-15,8614.612273214
2019-09-16,8612.548213044
2019-09-17,8610.484647423
2019-09-18,8608.421576232
2019-09-19,8606.358999354
2019-09-20,8604.296916667
2019-09-21,8602.235328056
2019-09-22,8600.174233402
2019-09-23,8598.113632585
2019-09-24,8596.053525488
2019-09-25,8593.993911993
2019-09-26,8591.934791981
2019-09-27,8589.876165333
2019-09-28,8587.818031932
2019-09-29,8585.760391660
2019-09-30,8583.703244399
2019-10-01,8581.646590029
2019-10-02,8579.590428434
2019-10-03,8577.534759495
2019-10-04,8575.479583094
2019-10-05,8573.424899112
2019-10-06,8571.370707434
2019-10-07,8569.317007938
2019-10-08,8567.263800510
2019-10-09,8565.211085030
2019-10-10,8563.158861379
2019-10-11,8561.107129442
2019-10-12,8559.055889099
2019-10-13,8557.005140233
2019-10-14,8554.954882727
2019-10-15,8552.905116462
2019-10-16,8550.855841320
2019-10-17,8548.807057185
2019-10-18,8546.758763939
2019-10-19,8544.710961462
2019-10-20,8542.663649640
2019-10-21,8540.616828353
2019-10-22,8538.570497484
2019-10-23,8536.524656916
2019-10-24,8534.479306531
2019-10-25,8532.434446212
2019-10-26,8530.390075840
2019-10-27,8528.346195301
2019-10-28,8526.302804474
2019-10-29,8524.259903244
2019-10-30,8522.217491493
2019-10-31,8520.175569103
2019-11-01,8518.134135958
2019-11-02,8516.093191939
2019-11-03,8514.052736931
2019-11-04,8512.012770816
2019-11-05,8509.973293477
2019-11-06,8507.934304795
2019-11-07,8505.895804655
2019-11-08,8503.857792940
2019-11-09,8501.820269532
2019-11-10,8499.783234315
2019-11-11,8497.746687171
2019-11-12,8495.710627983
2019-11-13,8493.675056634
2019-11-14,8491.639973010
2019-11-15,8489.605376990
2019-11-16,8487.571268459
2019-11-17,8485.537647301
2019-11-18,8483.504513398
2019-11-19,8481.471866634
2019-11-20,8479.439706891
2019-11-21,8477.408034054
2019-11-22,8475.376848006
2019-11-23,8473.346148629
2019-11-24,8471.315935808
2019-11-25,8469.286209425
2019-11-26,8467.256969365
2019-11-27,8465.228215511
2019-11-28,8463.199947745
2019-11-29,8461.172165953
2019-11-30,8459.144870016
2019-12-01,8457.118059820
2019-12-02,8455.091735247
2019-12-03,8453.065896182
2019-12-04,8451.040542506
2019-12-05,8449.015674106
2019-12-06,8446.991290864
2019-12-07,8444.967392664
2019-12-08,8442.943979389
2019-12-09,8440.921050924
2019-12-10,8438.898607154
2019-12-11,8436.876647959
2019-12-12,8434.855173226
2019-12-13,8432.834182839
2019-12-14,8430.813676680
2019-12-15,8428.793654635
2019-12-16,8426.774116586
2019-12-17,8424.755062419
2019-12-18,8422.736492016
2019-12-19,8420.718405264
2019-12-20,8418.700802044
2019-12-21,8416.683682242
2019-12-22,8414.667045741
2019-12-23,8412.650892427
2019-12-24,8410.635222183
2019-12-25,8408.620034892
2019-12-26,8406.605330441
2019-12-27,8404.591108713
2019-12-28,8402.577369592
2019-12-29,8400.564112962
2019-12-30,8398.551338709
2019-12-31,8396.539046716
2020-01-01,8394.527236868
2020-01-02,8392.515909050
2020-01-03,8390.505063145
2020-01-04,8388.494699039
2020-01-05,8386.484816616
2020-01-06,8384.475415760
2020-01-07,8382.466496357
2020-01-08,8380.458058291
2020-01-09,8378.450101446
2020-01-10,8376.442625708
2020-01-11,8374.435630960
2020-01-12,8372.429117088
2020-01-13,8370.423083976
2020-01-14,8368.417531511
2020-01-15,8366.412459574
2020-01-16,8364.407868054
2020-01-17,8362.403756833
2020-01-18,8360.400125796
2020-01-19,8358.396974831
2020-01-20,8356.394303818
2020-01-21,8354.392112647
2020-01-22,8352.390401200
2020-01-23,8350.389169362
2020-01-24,8348.388417021
2020-01-25,8346.388144058
2020-01-26,8344.388350361
2020-01-27,8342.389035814
2020-01-28,8340.390200303
2020-01-29,8338.391843713
2020-01-30,8336.393965928
2020-01-31,8334.396566835
2020-02-01,8332.399646319
2020-02-02,8330.403204264
2020-02-03,8328.407240558
2020-02-04,8326.411755082
2020-02-05,8324.416747726
2020-02-06,8322.422218374
2020-02-07,8320.428166909
2020-02-08,8318.434593220
2020-02-09,8316.441497191
2020-02-10,8314.448878707
2020-02-11,8312.456737655
2020-02-12,8310.465073919
2020-02-13,8308.473887386
2020-02-14,8306.483177940
2020-02-15,8304.492945469
2020-02-16,8302.503189857
2020-02-17,8300.513910990
2020-02-18,8298.525108754
2020-02-19,8296.536783035
2020-02-20,8294.548933719
2020-02-21,8292.561560691
2020-02-22,8290.574663838
2020-02-23,8288.588243044
2020-02-24,8286.602298198
2020-02-25,8284.616829182
2020-02-26,8282.631835886
2020-02-27,8280.647318193
2020-02-28,8278.663275991
2020-02-29,8276.679709165
2020-03-01,8274.696617602
2020-03-02,8272.714001186
2020-03-03,8270.731859806
2020-03-04,8268.750193347
2020-03-05,8266.769001694
2020-03-06,8264.788284735
2020-03-07,8262.808042355
2020-03-08,8260.828274442
2020-03-09,8258.848980880
2020-03-10,8256.870161557
2020-03-11,8254.891816359
2020-03-12,8252.913945172
2020-03-13,8250.936547883
2020-03-14,8248.959624378
2020-03-15,8246.983174543
2020-03-16,8245.007198267
2020-03-17,8243.031695433
2020-03-18,8241.056665930
2020-03-19,8239.082109644
2020-03-20,8237.108026461
2020-03-21,8235.134416269
2020-03-22,8233.161278952
2020-03-23,8231.188614400
2020-03-24,8229.216422498
2020-03-25,8227.244703133
2020-03-26,8225.273456191
2020-03-27,8223.302681560
2020-03-28,8221.332379127
2020-03-29,8219.362548777
2020-03-30,8217.393190399
2020-03-31,8215.424303879
2020-04-01,8213.455889104
2020-04-02,8211.487945961
2020-04-03,8209.520474337
2020-04-04,8207.553474118
2020-04-05,8205.586945194
2020-04-06,8203.620887448
2020-04-07,8201.655300770
2020-04-08,8199.690185047
2020-04-09,8197.725540166
2020-04-10,8195.761366011
2020-04-11,8193.797662475
2020-04-12,8191.834429440
2020-04-13,8189.871666797
2020-04-14,8187.909374431
2020-04-15,8185.947552230
2020-04-16,8183.986200081
2020-04-17,8182.025317872
2020-04-18,8180.064905490
2020-04-19,8178.104962824
2020-04-20,8176.145489758
2020-04-21,8174.186486183
2020-04-22,8172.227951985
2020-04-23,8170.269887051
2020-04-24,8168.312291269
2020-04-25,8166.355164527
2020-04-26,8164.398506712
2020-04-27,8162.442317713
2020-04-28,8160.486597416
2020-04-29,8158.531345709
2020-04-30,8156.576562481
2020-05-01,8154.622247618
2020-05-02,8152.668401009
2020-05-03,8150.715022542
2020-05-04,8148.762112103
2020-05-05,8146.809669582
2020-05-06,8144.857694866
2020-05-07,8142.906187843
2020-05-08,8140.955148400
2020-05-09,8139.004576427
2020-05-10,8137.054471811
2020-05-11,8135.104834438
2020-05-12,8133.155664200
2020-05-13,8131.206960981
2020-05-14,8129.258724673
2020-05-15,8127.310955161
2020-05-16,8125.363652335
2020-05-17,8123.416816082
2020-05-18,8121.470446291
2020-05-19,8119.524542851
2020-05-20,8117.579105647
2020-05-21,8115.634134571
2020-05-22,8113.689629510
2020-05-23,8111.745590352
2020-05-24,8109.802016985
2020-05-25,8107.858909299
2020-05-26,8105.916267181
2020-05-27,8103.974090519
2020-05-28,8102.032379203
2020-05-29,8100.091133121
2020-05-30,8098.150352161
2020-05-31,8096.210036212
2020-06-01,8094.270185162
2020-06-02,8092.330798902
2020-06-03,8090.391877316
2020-06-04,8088.453420298
2020-06-05,8086.515427732
2020-06-06,8084.577899510
2020-06-07,8082.640835519
2020-06-08,8080.704235649
2020-06-09,8078.768099788
2020-06-10,8076.832427824
2020-06-11,8074.897219647
2020-06-12,8072.962475147
2020-06-13,8071.028194210
2020-06-14,8069.094376728
2020-06-15,8067.161022587
2020-06-16,8065.228131678
2020-06-17,8063.295703890
2020-06-18,8061.363739110
2020-06-19,8059.432237230
2020-06-20,8057.501198138
2020-06-21,8055.570621721
2020-06-22,8053.640507872
2020-06-23,8051.710856476
2020-06-24,8049.781667425
2020-06-25,8047.852940608
2020-06-26,8045.924675914
2020-06-27,8043.996873230
2020-06-28,8042.069532450
2020-06-29,8040.142653459
2020-06-30,8038.216236149
2020-07-01,8036.290280407
2020-07-02,8034.364786125
2020-07-03,8032.439753190
2020-07-04,8030.515181494
2020-07-05,8028.591070925
2020-07-06,8026.667421372
2020-07-07,8024.744232725
2020-07-08,8022.821504875
2020-07-09,8020.899237709
2020-07-10,8018.977431120
2020-07-11,8017.056084993
2020-07-12,8015.135199223
2020-07-13,8013.214773695
2020-07-14,8011.294808301
2020-07-15,8009.375302932
2020-07-16,8007.456257474
2020-07-17,8005.537671821
2020-07-18,8003.619545861
2020-07-19,8001.701879482
2020-07-20,7999.784672577
2020-07-21,7997.867925034
2020-07-22,7995.951636744
2020-07-23,7994.035807597
2020-07-24,7992.120437480
2020-07-25,7990.205526288
2020-07-26,7988.291073908
2020-07-27,7986.377080230
2020-07-28,7984.463545145
2020-07-29,7982.550468542
2020-07-30,7980.637850314
2020-07-31,7978.725690347
2020-08-01,7976.813988534
2020-08-02,7974.902744765
2020-08-03,7972.991958929
2020-08-04,7971.081630918
2020-08-05,7969.171760621
2020-08-06,7967.262347928
2020-08-07,7965.353392731
2020-08-08,7963.444894919
2020-08-09,7961.536854384
2020-08-10,7959.629271013
2020-08-11,7957.722144701
2020-08-12,7955.815475335
2020-08-13,7953.909262807
2020-08-14,7952.003507008
2020-08-15,7950.098207827
2020-08-16,7948.193365156
2020-08-17,7946.288978885
2020-08-18,7944.385048905
2020-08-19,7942.481575105
2020-08-20,7940.578557379
2020-08-21,7938.675995615
2020-08-22,7936.773889704
2020-08-23,7934.872239539
2020-08-24,7932.971045008
2020-08-25,7931.070306003
2020-08-26,7929.170022415
2020-08-27,7927.270194134
2020-08-28,7925.370821053
2020-08-29,7923.471903062
2020-08-30,7921.573440049
2020-08-31,7919.675431910
2020-09-01,7917.777878533
2020-09-02,7915.880779809
2020-09-03,7913.984135629
2020-09-04,7912.087945886
2020-09-05,7910.192210470
2020-09-06,7908.296929271
2020-09-07,7906.402102182
2020-09-08,7904.507729093
2020-09-09,7902.613809896
2020-09-10,7900.720344481
2020-09-11,7898.827332740
2020-09-12,7896.934774566
2020-09-13,7895.042669847
2020-09-14,7893.151018477
2020-09-15,7891.259820346
2020-09-16,7889.369075346
2020-09-17,7887.478783369
2020-09-18,7885.588944304
2020-09-19,7883.699558047
2020-09-20,7881.810624484
2020-09-21,7879.922143511
2020-09-22,7878.034115017
2020-09-23,7876.146538894
2020-09-24,7874.259415036
2020-09-25,7872.372743331
2020-09-26,7870.486523672
2020-09-27,7868.600755952
2020-09-28,7866.715440062
2020-09-29,7864.830575893
2020-09-30,7862.946163337
2020-10-01,7861.062202286
2020-10-02,7859.178692632
2020-10-03,7857.295634267
2020-10-04,7855.413027083
2020-10-05,7853.530870971
2020-10-06,7851.649165822
2020-10-07,7849.767911532
2020-10-08,7847.887107988
2020-10-09,7846.006755086
2020-10-10,7844.126852715
2020-10-11,7842.247400770
2020-10-12,7840.368399140
2020-10-13,7838.489847719
2020-10-14,7836.611746399
2020-10-15,7834.734095071
2020-10-16,7832.856893630
2020-10-17,7830.980141964
2020-10-18,7829.103839969
2020-10-19,7827.227987535
2020-10-20,7825.352584556
2020-10-21,7823.477630922
2020-10-22,7821.603126528
2020-10-23,7819.729071264
2020-10-24,7817.855465024
2020-10-25,7815.982307699
2020-10-26,7814.109599184
2020-10-27,7812.237339368
2020-10-28,7810.365528147
2020-10-29,7808.494165410
2020-10-30,7806.623251052
2020-10-31,7804.752784965
2020-11-01,7802.882767042
2020-11-02,7801.013197174
2020-11-03,7799.144075256
2020-11-04,7797.275401178
2020-11-05,7795.407174835
2020-11-06,7793.539396118
2020-11-07,7791.672064922
2020-11-08,7789.805181137
2020-11-09,7787.938744658
2020-11-10,7786.072755376
2020-11-11,7784.207213187
2020-11-12,7782.342117979
2020-11-13,7780.477469649
2020-11-14,7778.613268088
2020-11-15,7776.749513191
2020-11-16,7774.886204847
2020-11-17,7773.023342954
2020-11-18,7771.160927401
2020-11-19,7769.298958082
2020-11-20,7767.437434893
2020-11-21,7765.576357722
2020-11-22,7763.715726467
2020-11-23,7761.855541017
2020-11-24,7759.995801270
2020-11-25,7758.136507114
2020-11-26,7756.277658446
2020-11-27,7754.419255157
2020-11-28,7752.561297142
2020-11-29,7750.703784293
2020-11-30,7748.846716504
2020-12-01,7746.990093669
2020-12-02,7745.133915680
2020-12-03,7743.278182431
2020-12-04,7741.422893815
2020-12-05,7739.568049727
2020-12-06,7737.713650059
2020-12-07,7735.859694705
2020-12-08,7734.006183558
2020-12-09,7732.153116513
2020-12-10,7730.300493462
2020-12-11,7728.448314299
2020-12-12,7726.596578918
2020-12-13,7724.745287214
2020-12-14,7722.894439078
2020-12-15,7721.044034405
2020-12-16,7719.194073089
2020-12-17,7717.344555024
2020-12-18,7715.495480102
2020-12-19,7713.646848220
2020-12-20,7711.798659268
2020-12-21,7709.950913144
2020-12-22,7708.103609738
2020-12-23,7706.256748947
2020-12-24,7704.410330662
2020-12-25,7702.564354780
2020-12-26,7700.718821194
2020-12-27,7698.873729796
2020-12-28,7697.029080483
2020-12-29,7695.184873147
2020-12-30,7693.341107684
2020-12-31,7691.497783986
2021-01-01,7689.654901948
2021-01-02,7687.812461465
2021-01-03,7685.970462431
2021-01-04,7684.128904738
2021-01-05,7682.287788283
2021-01-06,7680.447112960
2021-01-07,7678.606878662
2021-01-08,7676.767085284
2021-01-09,7674.927732720
2021-01-10,7673.088820865
2021-01-11,7671.250349613
2021-01-12,7669.412318859
2021-01-13,7667.574728496
2021-01-14,7665.737578420
2021-01-15,7663.900868525
2021-01-16,7662.064598705
2021-01-17,7660.228768856
2021-01-18,7658.393378870
2021-01-19,7656.558428646
2021-01-20,7654.723918073
2021-01-21,7652.889847050
2021-01-22,7651.056215470
2021-01-23,7649.223023227
2021-01-24,7647.390270219
2021-01-25,7645.557956336
2021-01-26,7643.726081476
2021-01-27,7641.894645534
2021-01-28,7640.063648403
2021-01-29,7638.233089978
2021-01-30,7636.402970156
2021-01-31,7634.573288829
2021-02-01,7632.744045895
2021-02-02,7630.915241247
2021-02-03,7629.086874780
2021-02-04,7627.258946389
2021-02-05,7625.431455970
2021-02-06,7623.604403418
2021-02-07,7621.777788627
2021-02-08,7619.951611492
2021-02-09,7618.125871911
2021-02-10,7616.300569774
2021-02-11,7614.475704982
2021-02-12,7612.651277426
2021-02-13,7610.827287003
2021-02-14,7609.003733607
2021-02-15,7607.180617136
2021-02-16,7605.357937482
2021-02-17,7603.535694542
2021-02-18,7601.713888212
2021-02-19,7599.892518386
2021-02-20,7598.071584960
2021-02-21,7596.251087830
2021-02-22,7594.431026890
2021-02-23,7592.611402037
2021-02-24,7590.792213167
2021-02-25,7588.973460172
2021-02-26,7587.155142952
2021-02-27,7585.337261399
2021-02-28,7583.519815412
2021-03-01,7581.702804884
2021-03-02,7579.886229711
2021-03-03,7578.070089791
2021-03-04,7576.254385015
2021-03-05,7574.439115285
2021-03-06,7572.624280491
2021-03-07,7570.809880532
2021-03-08,7568.995915303
2021-03-09,7567.182384700
2021-03-10,7565.369288618
2021-03-11,7563.556626955
2021-03-12,7561.744399605
2021-03-13,7559.932606464
2021-03-14,7558.121247429
2021-03-15,7556.310322395
2021-03-16,7554.499831258
2021-03-17,7552.689773916
2021-03-18,7550.880150262
2021-03-19,7549.070960195
2021-03-20,7547.262203608
2021-03-21,7545.453880401
2021-03-22,7543.645990466
2021-03-23,7541.838533703
2021-03-24,7540.031510005
2021-03-25,7538.224919270
2021-03-26,7536.418761395
2021-03-27,7534.613036274
2021-03-28,7532.807743805
2021-03-29,7531.002883884
2021-03-30,7529.198456408
2021-03-31,7527.394461271
2021-04-01,7525.590898371
2021-04-02,7523.787767606
2021-04-03,7521.985068871
2021-04-04,7520.182802061
2021-04-05,7518.380967074
2021-04-06,7516.579563808
2021-04-07,7514.778592156
2021-04-08,7512.978052019
2021-04-09,7511.177943289
2021-04-10,7509.378265866
2021-04-11,7507.579019645
2021-04-12,7505.780204524
2021-04-13,7503.981820398
2021-04-14,7502.183867165
2021-04-15,7500.386344722
2021-04-16,7498.589252964
2021-04-17,7496.792591790
2021-04-18,7494.996361095
2021-04-19,7493.200560777
2021-04-20,7491.405190733
2021-04-21,7489.610250859
2021-04-22,7487.815741053
2021-04-23,7486.021661211
2021-04-24,7484.228011229
2021-04-25,7482.434791008
2021-04-26,7480.642000440
2021-04-27,7478.849639426
2021-04-28,7477.057707860
2021-04-29,7475.266205642
2021-04-30,7473.475132668
2021-05-01,7471.684488833
2021-05-02,7469.894274038
2021-05-03,7468.104488177
2021-05-04,7466.315131148
2021-05-05,7464.526202851
2021-05-06,7462.737703180
2021-05-07,7460.949632032
2021-05-08,7459.161989307
2021-05-09,7457.374774901
2021-05-10,7455.587988711
2021-05-11,7453.801630635
2021-05-12,7452.015700570
2021-05-13,7450.230198413
2021-05-14,7448.445124064
2021-05-15,7446.660477417
2021-05-16,7444.876258371
2021-05-17,7443.092466825
2021-05-18,7441.309102675
2021-05-19,7439.526165817
2021-05-20,7437.743656153
2021-05-21,7435.961573577
2021-05-22,7434.179917987
2021-05-23,7432.398689283
2021-05-24,7430.617887361
2021-05-25,7428.837512118
2021-05-26,7427.057563453
2021-05-27,7425.278041263
2021-05-28,7423.498945448
2021-05-29,7421.720275903
2021-05-30,7419.942032527
2021-05-31,7418.164215218
2021-06-01,7416.386823874
2021-06-02,7414.609858393
2021-06-03,7412.833318672
2021-06-04,7411.057204611
2021-06-05,7409.281516105
2021-06-06,7407.506253055
2021-06-07,7405.731415358
2021-06-08,7403.957002911
2021-06-09,7402.183015614
2021-06-10,7400.409453363
2021-06-11,7398.636316058
2021-06-12,7396.863603597
2021-06-13,7395.091315877
2021-06-14,7393.319452797
2021-06-15,7391.548014255
2021-06-16,7389.777000151
2021-06-17,7388.006410379
2021-06-18,7386.236244843
2021-06-19,7384.466503437
2021-06-20,7382.697186061
2021-06-21,7380.928292613
2021-06-22,7379.159822992
2021-06-23,7377.391777096
2021-06-24,7375.624154824
2021-06-25,7373.856956074
2021-06-26,7372.090180744
2021-06-27,7370.323828734
2021-06-28,7368.557899941
2021-06-29,7366.792394265
2021-06-30,7365.027311604
2021-07-01,7363.262651856
2021-07-02,7361.498414921
2021-07-03,7359.734600696
2021-07-04,7357.971209081
2021-07-05,7356.208239975
2021-07-06,7354.445693276
2021-07-07,7352.683568883
2021-07-08,7350.921866695
2021-07-09,7349.160586610
2021-07-10,7347.399728528
2021-07-11,7345.639292348
2021-07-12,7343.879277967
2021-07-13,7342.119685286
2021-07-14,7340.360514203
2021-07-15,7338.601764617
2021-07-16,7336.843436428
2021-07-17,7335.085529533
2021-07-18,7333.328043834
2021-07-19,7331.570979227
2021-07-20,7329.814335613
2021-07-21,7328.058112891
2021-07-22,7326.302310959
2021-07-23,7324.546929717
2021-07-24,7322.791969065
2021-07-25,7321.037428900
2021-07-26,7319.283309124
2021-07-27,7317.529609634
2021-07-28,7315.776330331
2021-07-29,7314.023471113
2021-07-30,7312.271031880
2021-07-31,7310.519012531
2021-08-01,7308.767412966
2021-08-02,7307.016233084
2021-08-03,7305.265472785
2021-08-04,7303.515131967
2021-08-05,7301.765210530
2021-08-06,7300.015708376
2021-08-07,7298.266625401
2021-08-08,7296.517961507
2021-08-09,7294.769716592
2021-08-10,7293.021890556
2021-08-11,7291.274483300
2021-08-12,7289.527494722
2021-08-13,7287.780924722
2021-08-14,7286.034773200
2021-08-15,7284.289040056
2021-08-16,7282.543725190
2021-08-17,7280.798828500
2021-08-18,7279.054349888
2021-08-19,7277.310289253
2021-08-20,7275.566646494
2021-08-21,7273.823421513
2021-08-22,7272.080614206
2021-08-23,7270.338224478
2021-08-24,7268.596252225
2021-08-25,7266.854697349
2021-08-26,7265.113559749
2021-08-27,7263.372839325
2021-08-28,7261.632535978
2021-08-29,7259.892649608
2021-08-30,7258.153180113
2021-08-31,7256.414127396
2021-09-01,7254.675491356
2021-09-02,7252.937271892
2021-09-03,7251.199468906
2021-09-04,7249.462082297
2021-09-05,7247.725111966
2021-09-06,7245.988557813
2021-09-07,7244.252419737
2021-09-08,7242.516697641
2021-09-09,7240.781391423
2021-09-10,7239.046500984
2021-09-11,7237.312026225
2021-09-12,7235.577967046
2021-09-13,7233.844323347
2021-09-14,7232.111095030
2021-09-15,7230.378281993
2021-09-16,7228.645884138
2021-09-17,7226.913901366
2021-09-18,7225.182333576
2021-09-19,7223.451180670
2021-09-20,7221.720442548
2021-09-21,7219.990119111
2021-09-22,7218.260210259
2021-09-23,7216.530715892
2021-09-24,7214.801635913
2021-09-25,7213.072970222
2021-09-26,7211.344718717
2021-09-27,7209.616881302
2021-09-28,7207.889457877
2021-09-29,7206.162448342
2021-09-30,7204.435852598
2021-10-01,7202.709670547
2021-10-02,7200.983902089
2021-10-03,7199.258547124
2021-10-04,7197.533605554
2021-10-05,7195.809077281
2021-10-06,7194.084962203
2021-10-07,7192.361260224
2021-10-08,7190.637971244
2021-10-09,7188.915095163
2021-10-10,7187.192631884
2021-10-11,7185.470581306
2021-10-12,7183.748943331
2021-10-13,7182.027717861
2021-10-14,7180.306904796
2021-10-15,7178.586504038
2021-10-16,7176.866515488
2021-10-17,7175.146939047
2021-10-18,7173.427774615
2021-10-19,7171.709022097
2021-10-20,7169.990681389
2021-10-21,7168.272752398
2021-10-22,7166.555235021
2021-10-23,7164.838129162
2021-10-24,7163.121434720
2021-10-25,7161.405151599
2021-10-26,7159.689279698
2021-10-27,7157.973818922
2021-10-28,7156.258769168
2021-10-29,7154.544130340
2021-10-30,7152.829902341
2021-10-31,7151.116085068
2021-11-01,7149.402678429
2021-11-02,7147.689682319
2021-11-03,7145.977096644
2021-11-04,7144.264921304
2021-11-05,7142.553156201
2021-11-06,7140.841801237
2021-11-07,7139.130856314
2021-11-08,7137.420321332
2021-11-09,7135.710196195
2021-11-10,7134.000480803
2021-11-11,7132.291175059
2021-11-12,7130.582278864
2021-11-13,7128.873792122
2021-11-14,7127.165714731
2021-11-15,7125.458046597
2021-11-16,7123.750787619
2021-11-17,7122.043937700
2021-11-18,7120.337496743
2021-11-19,7118.631464648
2021-11-20,7116.925841319
2021-11-21,7115.220626656
2021-11-22,7113.515820564
2021-11-23,7111.811422942
2021-11-24,7110.107433694
2021-11-25,7108.403852722
2021-11-26,7106.700679926
2021-11-27,7104.997915212
2021-11-28,7103.295558480
2021-11-29,7101.593609632
2021-11-30,7099.892068570
2021-12-01,7098.190935199
2021-12-02,7096.490209417
2021-12-03,7094.789891131
2021-12-04,7093.089980240
2021-12-05,7091.390476647
2021-12-06,7089.691380256
2021-12-07,7087.992690967
2021-12-08,7086.294408685
2021-12-09,7084.596533310
2021-12-10,7082.899064747
2021-12-11,7081.202002897
2021-12-12,7079.505347663
2021-12-13,7077.809098946
2021-12-14,7076.113256651
2021-12-15,7074.417820680
2021-12-16,7072.722790935
2021-12-17,7071.028167319
2021-12-18,7069.333949734
2021-12-19,7067.640138085
2021-12-20,7065.946732271
2021-12-21,7064.253732198
2021-12-22,7062.561137767
2021-12-23,7060.868948882
2021-12-24,7059.177165446
2021-12-25,7057.485787359
2021-12-26,7055.794814528
2021-12-27,7054.104246853
2021-12-28,7052.414084239
2021-12-29,7050.724326585
2021-12-30,7049.034973800
2021-12-31,7047.346025782
2022-01-01,7045.657482436
2022-01-02,7043.969343664
2022-01-03,7042.281609372
2022-01-04,7040.594279459
2022-01-05,7038.907353831
2022-01-06,7037.220832389
2022-01-07,7035.534715039
2022-01-08,7033.849001682
2022-01-09,7032.163692222
2022-01-10,7030.478786561
2022-01-11,7028.794284604
2022-01-12,7027.110186253
2022-01-13,7025.426491412
2022-01-14,7023.743199984
2022-01-15,7022.060311873
2022-01-16,7020.377826981
2022-01-17,7018.695745212
2022-01-18,7017.014066471
2022-01-19,7015.332790659
2022-01-20,7013.651917681
2022-01-21,7011.971447440
2022-01-22,7010.291379838
2022-01-23,7008.611714782
2022-01-24,7006.932452173
2022-01-25,7005.253591915
2022-01-26,7003.575133911
2022-01-27,7001.897078066
2022-01-28,7000.219424284
2022-01-29,6998.542172466
2022-01-30,6996.865322518
2022-01-31,6995.188874343
2022-02-01,6993.512827845
2022-02-02,6991.837182927
2022-02-03,6990.161939495
2022-02-04,6988.487097449
2022-02-05,6986.812656696
2022-02-06,6985.138617139
2022-02-07,6983.464978682
2022-02-08,6981.791741227
2022-02-09,6980.118904681
2022-02-10,6978.446468946
2022-02-11,6976.774433926
2022-02-12,6975.102799527
2022-02-13,6973.431565649
2022-02-14,6971.760732200
2022-02-15,6970.090299083
2022-02-16,6968.420266200
2022-02-17,6966.750633458
2022-02-18,6965.081400759
2022-02-19,6963.412568008
2022-02-20,6961.744135110
2022-02-21,6960.076101968
2022-02-22,6958.408468486
2022-02-23,6956.741234569
2022-02-24,6955.074400122
2022-02-25,6953.407965047
2022-02-26,6951.741929250
2022-02-27,6950.076292636
2022-02-28,6948.411055107
2022-03-01,6946.746216570
2022-03-02,6945.081776927
2022-03-03,6246.252427480
2022-03-04,2776.701637578
2022-03-05,2776.036340166
2022-03-06,2775.371202159
2022-03-07,2774.706223519
2022-03-08,2774.041404208
2022-03-09,2773.376744187
2022-03-10,2772.712243419
2022-03-11,2772.047901865
2022-03-12,2771.383719488
2022-03-13,2770.719696248
2022-03-14,2770.055832108
2022-03-15,2769.392127030
2022-03-16,2768.728580976
2022-03-17,2768.065193908
2022-03-18,2767.401965786
2022-03-19,2766.738896574
2022-03-20,2766.075986234
2022-03-21,2765.413234726
2022-03-22,2764.750642014
2022-03-23,2764.088208060
2022-03-24,2763.425932824
2022-03-25,2762.763816269
2022-03-26,2762.101858357
2022-03-27,2761.440059051
2022-03-28,2760.778418310
2022-03-29,2760.116936100
2022-03-30,2759.455612381
2022-03-31,2758.794447114
2022-04-01,2758.133440263
2022-04-02,2757.472591789
2022-04-03,2756.811901654
2022-04-04,2756.151369820
2022-04-05,2755.490996250
2022-04-06,2754.830780905
2022-04-07,2754.170723748
2022-04-08,2753.510824740
2022-04-09,2752.851083844
2022-04-10,2752.191501022
2022-04-11,2751.532076236
2022-04-12,2750.872809448
2022-04-13,2750.213700620
2022-04-14,2749.554749715
2022-04-15,2748.895956694
2022-04-16,2748.237321520
2022-04-17,2747.578844155
2022-04-18,2746.920524561
2022-04-19,2746.262362700
2022-04-20,2745.604358535
2022-04-21,2744.946512027
2022-04-22,2744.288823140
2022-04-23,2743.631291834
2022-04-24,2742.973918074
2022-04-25,2742.316701819
2022-04-26,2741.659643034
2022-04-27,2741.002741680
2022-04-28,2740.345997720
2022-04-29,2739.689411114
2022-04-30,2739.032981828
2022-05-01,2738.376709822
2022-05-02,2737.720595058
2022-05-03,2737.064637499
2022-05-04,2736.408837108
2022-05-05,2735.753193846
2022-05-06,2735.097707677
2022-05-07,2734.442378562
2022-05-08,2733.787206464
2022-05-09,2733.132191344
2022-05-10,2732.477333167
2022-05-11,2731.822631893
2022-05-12,2731.168087486
2022-05-13,2730.513699907
2022-05-14,2729.859469120
2022-05-15,2729.205395086
2022-05-16,2728.551477769
2022-05-17,2727.897717130
2022-05-18,2727.244113131
2022-05-19,2726.590665737
2022-05-20,2725.937374908
2022-05-21,2725.284240608
2022-05-22,2724.631262798
2022-05-23,2723.978441442
2022-05-24,2723.325776502
2022-05-25,2722.673267940
2022-05-26,2722.020915720
2022-05-27,2721.368719802
2022-05-28,2720.716680152
2022-05-29,2720.064796729
2022-05-30,2719.413069498
2022-05-31,2718.761498420
2022-06-01,2718.110083459
2022-06-02,2717.458824577
2022-06-03,2716.807721736
2022-06-04,2716.156774900
2022-06-05,2715.505984030
2022-06-06,2714.855349090
2022-06-07,2714.204870042
2022-06-08,2713.554546848
2022-06-09,2712.904379472
2022-06-10,2712.254367876
2022-06-11,2711.604512023
2022-06-12,2710.954811875
2022-06-13,2710.305267395
2022-06-14,2709.655878546
2022-06-15,2709.006645291
2022-06-16,2708.357567591
2022-06-17,2707.708645410
2022-06-18,2707.059878712
2022-06-19,2706.411267458
2022-06-20,2705.762811610
2022-06-21,2705.114511134
2022-06-22,2704.466365989
2022-06-23,2703.818376140
2022-06-24,2703.170541549
2022-06-25,2702.522862180
2022-06-26,2701.875337994
2022-06-27,2701.227968955
2022-06-28,2700.580755026
2022-06-29,2699.933696169
2022-06-30,2699.286792347
2022-07-01,2698.640043524
2022-07-02,2697.993449661
2022-07-03,2697.347010722
2022-07-04,2696.700726670
2022-07-05,2696.054597467
2022-07-06,2695.408623077
2022-07-07,2694.762803463
2022-07-08,2694.117138586
2022-07-09,2693.471628411
2022-07-10,2692.826272900
2022-07-11,2692.181072016
2022-07-12,2691.536025722
2022-07-13,2690.891133982
2022-07-14,2690.246396756
2022-07-15,2689.601814011
2022-07-16,2688.957385707
2022-07-17,2688.313111808
2022-07-18,2687.668992277
2022-07-19,2687.025027077
2022-07-20,2686.381216171
2022-07-21,2685.737559522
2022-07-22,2685.094057093
2022-07-23,2684.450708848
2022-07-24,2683.807514748
2022-07-25,2683.164474757
2022-07-26,2682.521588839
2022-07-27,2681.878856956
2022-07-28,2681.236279072
2022-07-29,2680.593855150
2022-07-30,2679.951585152
2022-07-31,2679.309469042
2022-08-01,2678.667506782
2022-08-02,2678.025698337
2022-08-03,2677.384043670
2022-08-04,2676.742542742
2022-08-05,2676.101195518
2022-08-06,2675.460001961
2022-08-07,2674.818962034
2022-08-08,2674.178075700
2022-08-09,2673.537342922
2022-08-10,2672.896763663
2022-08-11,2672.256337888
2022-08-12,2671.616065558
2022-08-13,2670.975946638
2022-08-14,2670.335981090
2022-08-15,2669.696168877
2022-08-16,2669.056509964
2022-08-17,2668.417004312
2022-08-18,2667.777651887
2022-08-19,2667.138452650
2022-08-20,2666.499406565
2022-08-21,2665.860513595
2022-08-22,2665.221773704
2022-08-23,2664.583186855
2022-08-24,2663.944753012
2022-08-25,2663.306472137
2022-08-26,2662.668344194
2022-08-27,2662.030369147
2022-08-28,2661.392546958
2022-08-29,2660.754877592
2022-08-30,2660.117361010
2022-08-31,2659.479997178
2022-09-01,2658.842786059
2022-09-02,2658.205727614
2022-09-03,2657.568821810
2022-09-04,2656.932068607
2022-09-05,2656.295467971
2022-09-06,2655.659019864
2022-09-07,2655.022724250
2022-09-08,2654.386581092
2022-09-09,2653.750590354
2022-09-10,2653.114752000
2022-09-11,2652.479065992
2022-09-12,2651.843532294
2022-09-13,2651.208150870
2022-09-14,2650.572921684
2022-09-15,2649.937844699
2022-09-16,2649.302919878
2022-09-17,2648.668147184
2022-09-18,2648.033526582
2022-09-19,2647.399058036
2022-09-20,2646.764741508
2022-09-21,2646.130576962
2022-09-22,2645.496564362
2022-09-23,2644.862703671
2022-09-24,2644.228994853
2022-09-25,2643.595437872
2022-09-26,2642.962032691
2022-09-27,2642.328779273
2022-09-28,2641.695677583
2022-09-29,2641.062727584
2022-09-30,2640.429929241
2022-10-01,2639.797282515
2022-10-02,2639.164787371
2022-10-03,2638.532443774
2022-10-04,2637.900251685
2022-10-05,2637.268211070
2022-10-06,2636.636321892
2022-10-07,2636.004584114
2022-10-08,2635.372997701
2022-10-09,2634.741562616
2022-10-10,2634.110278822
2022-10-11,2633.479146284
2022-10-12,2632.848164965
2022-10-13,2632.217334829
2022-10-14,2631.586655840
2022-10-15,2630.956127962
2022-10-16,2630.325751158
2022-10-17,2629.695525393
2022-10-18,2629.065450629
2022-10-19,2628.435526832
2022-10-20,2627.805753963
2022-10-21,2627.176131989
2022-10-22,2626.546660871
2022-10-23,2625.917340576
2022-10-24,2625.288171065
2022-10-25,2624.659152302
2022-10-26,2624.030284253
2022-10-27,2623.401566881
2022-10-28,2622.773000149
2022-10-29,2622.144584022
2022-10-30,2621.516318463
2022-10-31,2620.888203437
2022-11-01,2620.260238906
2022-11-02,2619.632424836
2022-11-03,2619.004761190
2022-11-04,2618.377247933
2022-11-05,2617.749885027
2022-11-06,2617.122672438
2022-11-07,2616.495610128
2022-11-08,2615.868698063
2022-11-09,2615.241936206
2022-11-10,2614.615324520
2022-11-11,2613.988862971
2022-11-12,2613.362551523
2022-11-13,2612.736390137
2022-11-14,2612.110378781
2022-11-15,2611.484517416
2022-11-16,2610.858806009
2022-11-17,2610.233244521
2022-11-18,2609.607832918
2022-11-19,2608.982571163
2022-11-20,2608.357459221
2022-11-21,2607.732497056
2022-11-22,2607.107684631
2022-11-23,2606.483021912
2022-11-24,2605.858508862
2022-11-25,2605.234145444
2022-11-26,2604.609931625
2022-11-27,2603.985867367
2022-11-28,2603.361952634
2022-11-29,2602.738187392
2022-11-30,2602.114571604
2022-12-01,2601.491105234
2022-12-02,2600.867788246
2022-12-03,2600.244620605
2022-12-04,2599.621602275
2022-12-05,2598.998733220
2022-12-06,2598.376013405
2022-12-07,2597.753442793
2022-12-08,2597.131021349
2022-12-09,2596.508749037
2022-12-10,2595.886625821
2022-12-11,2595.264651666
2022-12-12,2594.642826536
2022-12-13,2594.021150396
2022-12-14,2593.399623208
2022-12-15,2592.778244939
2022-12-16,2592.157015552
2022-12-17,2591.535935011
2022-12-18,2590.915003281
2022-12-19,2590.294220327
2022-12-20,2589.673586111
2022-12-21,2589.053100600
2022-12-22,2588.432763757
2022-12-23,2587.812575547
2022-12-24,2587.192535934
2022-12-25,2586.572644881
2022-12-26,2585.952902356
2022-12-27,2585.333308319
2022-12-28,2584.713862738
2022-12-29,2584.094565576
2022-12-30,2583.475416798
2022-12-31,2582.856416367
2023-01-01,2582.237564249
2023-01-02,2581.618860408
2023-01-03,2581.000304808
2023-01-04,2580.381897414
2023-01-05,2579.763638190
2023-01-06,2579.145527101
2023-01-07,2578.527564112
2023-01-08,2577.909749186
2023-01-09,2577.292082289
2023-01-10,2576.674563385
2023-01-11,2576.057192438
2023-01-12,2575.439969413
2023-01-13,2574.822894275
2023-01-14,2574.205966988
2023-01-15,2573.589187516
2023-01-16,2572.972555825
2023-01-17,2572.356071879
2023-01-18,2571.739735642
2023-01-19,2571.123547080
2023-01-20,2570.507506155
2023-01-21,2569.891612835
2023-01-22,2569.275867082
2023-01-23,2568.660268862
2023-01-24,2568.044818139
2023-01-25,2567.429514879
2023-01-26,2566.814359044
2023-01-27,2566.199350602
2023-01-28,2565.584489514
2023-01-29,2564.969775748
2023-01-30,2564.355209267
2023-01-31,2563.740790036
2023-02-01,2563.126518020
2023-02-02,2562.512393183
2023-02-03,2561.898415491
2023-02-04,2561.284584908
2023-02-05,2560.670901398
2023-02-06,2560.057364927
2023-02-07,2559.443975459
2023-02-08,2558.830732959
2023-02-09,2558.217637392
2023-02-10,2557.604688723
2023-02-11,2556.991886916
2023-02-12,2556.379231936
2023-02-13,2555.766723748
2023-02-14,2555.154362318
2023-02-15,2554.542147609
2023-02-16,2553.930079586
2023-02-17,2553.318158216
2023-02-18,2552.706383461
2023-02-19,2552.094755287
2023-02-20,2551.483273660
2023-02-21,2550.871938543
2023-02-22,2550.260749902
2023-02-23,2549.649707702
2023-02-24,2549.038811908
2023-02-25,2548.428062484
2023-02-26,2547.817459396
2023-02-27,2547.207002608
2023-02-28,2546.596692086
2023-03-01,2545.986527794
2023-03-02,2545.376509697
2023-03-03,2544.766637760
2023-03-04,2544.156911949
2023-03-05,2543.547332228
2023-03-06,2542.937898562
2023-03-07,2542.328610916
2023-03-08,2541.719469256
2023-03-09,2541.110473546
2023-03-10,2540.501623751
2023-03-11,2539.892919837
2023-03-12,2539.284361768
2023-03-13,2538.675949509
2023-03-14,2538.067683026
2023-03-15,2537.459562284
2023-03-16,2536.851587247
2023-03-17,2536.243757881
2023-03-18,2535.636074150
2023-03-19,2535.028536021
2023-03-20,2534.421143458
2023-03-21,2533.813896426
2023-03-22,2533.206794890
2023-03-23,2532.599838816
2023-03-24,2531.993028169
2023-03-25,2531.386362913
2023-03-26,2530.779843014
2023-03-27,2530.173468437
2023-03-28,2529.567239148
2023-03-29,2528.961155110
2023-03-30,2528.355216291
2023-03-31,2527.749422655
2023-04-01,2527.143774166
2023-04-02,2526.538270791
2023-04-03,2525.932912494
2023-04-04,2525.327699242
2023-04-05,2524.722630998
2023-04-06,2524.117707728
2023-04-07,2523.512929399
2023-04-08,2522.908295974
2023-04-09,2522.303807418
2023-04-10,2521.699463699
2023-04-11,2521.095264780
2023-04-12,2520.491210627
2023-04-13,2519.887301206
2023-04-14,2519.283536481
2023-04-15,2518.679916418
2023-04-16,2518.076440982
2023-04-17,2517.473110139
2023-04-18,2516.869923854
2023-04-19,2516.266882092
2023-04-20,2515.663984819
2023-04-21,2515.061232000
2023-04-22,2514.458623601
2023-04-23,2513.856159586
2023-04-24,2513.253839923
2023-04-25,2512.651664574
2023-04-26,2512.049633507
2023-04-27,2511.447746686
2023-04-28,2510.846004078
2023-04-29,2510.244405647
2023-04-30,2509.642951358
2023-05-01,2509.041641178
2023-05-02,2508.440475073
2023-05-03,2507.839453006
2023-05-04,2507.238574944
2023-05-05,2506.637840852
2023-05-06,2506.037250697
2023-05-07,2505.436804442
2023-05-08,2504.836502055
2023-05-09,2504.236343500
2023-05-10,2503.636328743
2023-05-11,2503.036457749
2023-05-12,2502.436730484
2023-05-13,2501.837146914
2023-05-14,2501.237707004
2023-05-15,2500.638410720
2023-05-16,2500.039258027
2023-05-17,2499.440248891
2023-05-18,2498.841383278
2023-05-19,2498.242661152
2023-05-20,2497.644082481
2023-05-21,2497.045647229
2023-05-22,2496.447355362
2023-05-23,2495.849206845
2023-05-24,2495.251201645
2023-05-25,2494.653339727
2023-05-26,2494.055621056
2023-05-27,2493.458045599
2023-05-28,2492.860613321
2023-05-29,2492.263324188
2023-05-30,2491.666178164
2023-05-31,2491.069175217
2023-06-01,2490.472315312
2023-06-02,2489.875598415
2023-06-03,2489.279024491
2023-06-04,2488.682593506
2023-06-05,2488.086305425
2023-06-06,2487.490160216
2023-06-07,2486.894157842
2023-06-08,2486.298298270
2023-06-09,2485.702581467
2023-06-10,2485.107007397
2023-06-11,2484.511576027
2023-06-12,2483.916287322
2023-06-13,2483.321141248
2023-06-14,2482.726137771
2023-06-15,2482.131276857
2023-06-16,2481.536558471
2023-06-17,2480.941982580
2023-06-18,2480.347549149
2023-06-19,2479.753258144
2023-06-20,2479.159109532
2023-06-21,2478.565103277
2023-06-22,2477.971239346
2023-06-23,2477.377517705
2023-06-24,2476.783938320
2023-06-25,2476.190501156
2023-06-26,2475.597206180
